{"train_loss": [0.7759861124148331, 0.3618432927314076, 0.18839609167619467, 0.1196693854156902], "val_loss": [0.5104156975381124, 0.33095664540265846, 0.33686870461049623, 0.3754107048618249], "val_accuracy": [0.7970005356186395, 0.8895286555972148, 0.910149973219068, 0.9144349223352972]}